Stadium Name, Address, City, Country, Capacity, Home Team, Open
Santiago Bernabeu,Corso Gaetano Scirea 50,Madrid,Spain,91000,Real Madrid,14-12-1947
Juventus Stadium,Av. de Concha Espina 1,Torino,Italia,45000,Juventus Torino,08-09-2011
Juven Stadium,Av. de Concha Espina 1,Torino,Italia,45000,Bayern Munchen,08-09-2011
Jtus Stadium,Av. de Concha Espina 1,Torino,Italia,45000,Totenham,08-09-2011
Juven Stadium,Av. de Concha Espina 1,Torino,Italia,45000,Arsenal,08-09-2011
JStadium,Av. de Concha Espina 1,Torino,Italia,45000,Manchester United,08-09-2011
Juventus Stm,Av. de Concha Espina 1,Torino,Italia,45000,Manchester City,08-09-2011
Juventuadium,Av. de Concha Espina 1,Torino,Italia,45000,Milan,08-09-2011
JuventsStadium,Av. de Concha Espina 1,Torino,Italia,45000,Liverpool,08-09-2011
bra,Av. de Concha Espina 1,Torino,Italia,45000,Chelsea,08-09-2011
